che;424;PR
di;404;E
è;357;V
un;274;RI
il;216;RD
una;209;RI
la;197;RD
in;192;E
non;163;BN
e;154;CC
relazione;133;S
chiave;117;S
sono;112;V
a;111;E
per;97;E
le;93;RD
questo;92;DD
quindi;91;B
se;89;CS
`;77;X
dati;67;S
modello;67;S
ma;67;CC
si;66;PC
dei;61;E+RD
come;61;CS
dominio;61;S
due;60;N
perché;58;CS
del;54;E+RD
nel;54;E+RD
io;54;PE
i;53;RD
attributi;53;S
';52;FB
lo;52;RD
più;49;B
questa;49;DD
cui;47;PR
ci;46;PC
concetto;45;S
gli;45;RD
vincolo;45;S
cosa;44;S
relazionale;43;A
da;43;E
con;43;E
della;43;E+RD
c;42;S
cioè;41;B
allora;40;B
essere;40;V
fra;40;E
ho;39;VA
nome;39;S
matricola;39;S
nella;38;E+RD
attributo;38;S
mi;37;PC
vi;36;PC
tabella;36;S
base;35;S
voi;34;PE
quando;34;CS
super;33;A
degli;32;E+RD
ha;32;VA
dire;31;V
su;31;E
valore;31;S
dbms;30;S
delle;30;E+RD
stesso;30;A
così;30;B
anche;30;B
cartesiano;30;A
tutte;29;T
insieme;29;S
poi;28;B
può;28;VM
tutti;28;T
primaria;28;A
valori;27;S
prodotto;27;S
vincoli;26;S
schema;25;S
abbiamo;24;VA
uno;24;RI
chiavi;24;S
detto;23;V
esiste;23;V
altra;23;A
prima;22;B
noi;22;PE
realtà;22;S
relazioni;22;S
dice;22;V
l'attributo;22;V
hanno;21;V
studenti;21;S
al;21;E+RD
parte;21;S
ogni;21;DI
qui;21;B
istanza;21;S
queste;21;DD
solo;21;B
domini;21;S
ok;20;V
altri;20;A
studente;20;S
vigile;20;S
o;19;CC
sia;19;V
esempio;19;S
ora;19;B
quella;19;DD
esterna;19;A
questi;18;DD
dal;18;E+RD
istanze;18;S
oggetto;18;S
vedremo;18;V
rappresentare;18;V
sullo;18;E+RD
significato;18;S
sulla;17;E+RD
quello;17;PD
altro;17;A
adesso;17;B
definizione;17;S
modo;17;S
qualche;17;DI
codice;17;S
fatto;16;V
sul;16;E+RD
fa;16;V
ne;16;PC
chi;15;PR
viene;15;VA
schemi;15;S
righe;15;S
bene;15;B
devo;15;VM
definito;15;V
no;15;BN
poco;14;B
molto;14;B
possono;14;VM
importante;14;A
avanti;14;B
modelli;14;S
dentro;14;B
mai;14;B
chiama;14;V
posso;14;VM
voto;14;S
maniera;13;S
struttura;13;S
invece;13;B
punto;13;S
cos;13;SP
giusto;13;A
stessa;13;A
diverse;13;A
tre;13;N
subito;13;B
loro;13;PE
diversi;13;A
dico;13;V
applicazioni;12;S
ed;12;CC
logico;12;A
usato;12;V
caso;12;S
qualcosa;12;PI
alla;12;E+RD
quel;12;DD
fiscale;12;A
ad;11;E
quale;11;DQ
fare;11;V
rappresentazione;11;S
avete;11;VA
qualsiasi;11;DI
dall;11;S
suo;11;AP
faccio;11;V
squadra;11;S
nullo;11;A
capo;11;S
già;10;B
dell;10;S
database;10;S
tabelle;10;S
nell;10;S
fuori;10;B
secondo;10;NO
definita;10;V
cognome;10;S
nulla;10;PI
proprietà;10;S
sto;9;V
avere;9;V
gestire;9;V
dalla;9;E+RD
dato;9;V
deve;9;VM
dello;9;E+RD
funzione;9;S
oggetti;9;S
costruite;9;V
sempre;9;B
cose;9;S
esistono;9;V
anni;9;S
senso;9;S
definiti;9;V
all;9;S
insiemi;9;S
però;9;B
numero;9;S
interi;9;A
sappiamo;9;V
ciò;9;PD
candidate;9;V
vigili;9;A
corso;8;S
vuol;8;VM
bisogno;8;S
funzioni;8;S
tra;8;E
produzione;8;S
termini;8;S
strutture;8;S
certo;8;A
esami;8;S
stata;8;VA
mentre;8;CS
rappresenta;8;V
stiamo;8;VA
chiaro;8;A
ipotesi;8;S
tributo;8;S
scelta;8;S
almeno;8;B
lode;8;S
mediante;7;E
vedere;7;V
ruolo;7;S
stato;7;VA
vista;7;S
certamente;7;B
proprio;7;B
vostro;7;AP
quali;7;B
sottoinsieme;7;S
costruire;7;V
puntatori;7;S
crea;7;V
colonne;7;S
casa;7;S
2;7;N
esame;7;S
ritorniamo;7;V
string;7;S
chiamo;7;V
so;7;V
nomi;7;S
tutto;7;PI
seconda;7;NO
vero;7;A
lui;7;PE
anagrafica;7;S
mettere;7;V
30;7;N
multe;7;A
integrità;7;S
dipendenti;7;S
lezione;6;S
oggi;6;B
basi;6;S
l'assenza;6;S
chiamiamo;6;V
informazione;6;S
logica;6;S
linguaggi;6;S
to;6;SW
tuple;6;S
0;6;N
era;6;V
facciamo;6;V
l'insieme;6;V
sviluppo;6;S
generale;6;A
termine;6;S
tanto;6;B
d'accordo;6;A
nelle;6;E+RD
usare;6;V
via;6;B
potete;6;VM
prendo;6;V
costruisco;6;V
volte;6;S
qual;6;PQ
guarda;6;V
scrivere;6;V
casi;6;S
scritto;6;V
costruito;6;V
possiamo;6;VM
sarà;6;V
record;6;S
contiene;6;V
meno;6;B
comunque;6;B
finito;6;V
cardinalità;6;S
devono;6;VM
discrimina;6;V
nuovo;6;A
infrazioni;6;S
multa;6;S
file;5;S
visto;5;V
gestione;5;S
differenza;5;S
singolo;5;A
quelli;5;PD
siano;5;V
consente;5;V
sola;5;A
quell;5;S
efficace;5;A
definizioni;5;S
interno;5;S
memorizzati;5;V
trasparenza;5;S
costruisce;5;V
useremo;5;V
tempo;5;S
parleremo;5;V
vale;5;V
mia;5;AP
li;5;PC
logici;5;A
progettazione;5;S
va;5;V
sui;5;E+RD
estremamente;5;B
primo;5;NO
attimo;5;S
teoria;5;S
matematica;5;S
concettuale;5;A
purtroppo;5;B
indietro;5;B
diversa;5;A
forse;5;B
lì;5;B
colonna;5;S
quei;5;DD
garantisce;5;V
stringa;5;S
uso;5;S
prendere;5;V
excel;5;S
alle;5;E+RD
problema;5;S
laddove;5;CS
puntatore;5;S
sapere;5;V
ammissibili;5;A
riga;5;S
niente;5;PI
po;5;S
grado;5;S
persona;5;S
nazionale;5;S
assenze;5;S
scelgo;5;V
minimalità;5;S
singola;5;A
alzi;5;V
mano;5;S
decidere;5;V
mio;4;AP
ecco;4;B
introduciamo;4;V
applicazione;4;S
efficiente;4;A
faremo;4;V
né;4;CC
zero;4;N
possibili;4;A
riferimento;4;S
fisica;4;A
linguaggio;4;S
sua;4;AP
spesso;4;B
sapete;4;V
facendo;4;V
play;4;SW
l'esempio;4;V
esistere;4;V
mettete;4;S
siete;4;V
funziona;4;V
qualunque;4;DI
qua;4;B
tipo;4;S
potrebbe;4;VM
affinché;4;CS
presente;4;A
ai;4;E+RD
ve;4;PC
dà;4;V
operazione;4;S
esplicitamente;4;B
legami;4;S
chiamata;4;V
relazionali;4;A
reticolare;4;V
algebra;4;S
operatori;4;S
dobbiamo;4;VM
terza;4;NO
relationship;4;S
piano;4;S
vediamo;4;V
irrilevante;4;A
osservazione;4;S
vado;4;V
costruzione;4;S
lei;4;PE
rappresentano;4;V
gol;4;S
ospitata;4;V
fatti;4;V
posizionale;4;S
associato;4;V
18;4;N
reti;4;S
dare;4;V
anzi;4;B
esterno;4;A
qualcuno;4;PI
beh;4;B
semplice;4;A
informatica;4;A
capisce;4;V
1;4;N
priori;4;S
cella;4;S
assenza;4;S
assumere;4;V
laurea;4;S
n;4;X
indirizzo;4;S
costruita;4;V
università;4;S
contesto;4;S
aiuta;4;V
data;4;V
definire;4;V
compreso;4;V
referenziale;4;A
r2;4;V
dipendente;4;S
ancora;3;B
disposizione;3;S
entrare;3;V
brevemente;3;B
ieri;3;B
software;3;S
fondamentale;3;A
progettato;3;V
informazioni;3;S
persistente;3;A
occupiamo;3;V
sta;3;V
garantire;3;V
volta;3;S
servono;3;V
tutta;3;T
gioca;3;V
operazioni;3;S
occuperemo;3;V
costo;3;S
anticipo;3;S
strati;3;S
rappresentata;3;V
descrizione;3;S
sopra;3;B
vari;3;A
descrive;3;V
nello;3;E+RD
alcune;3;DI
administrator;3;S
manipolare;3;V
creare;3;V
usano;3;V
forma;3;S
pratica;3;S
contenuto;3;S
livello;3;S
effetti;3;S
ambiente;3;S
fate;3;V
dns;3;S
interne;3;A
esempi;3;S
motivi;3;S
l'unico;3;A
l'ho;3;NO
basato;3;A
messo;3;V
diventa;3;V
sotto;3;E
strumento;3;S
rappresentazioni;3;S
separati;3;A
diventato;3;V
fosse;3;V
lavoro;3;S
lavorare;3;V
erano;3;V
sue;3;AP
caratteristica;3;S
indicare;3;V
accezione;3;S
usando;3;V
dove;3;B
scegliendo;3;V
seguente;3;A
l'ordine;3;SP
elementi;3;S
tabellina;3;S
modi;3;S
dipende;3;V
pensate;3;V
elemento;3;S
l'altro;3;B
appena;3;B
b;3;S
stringhe;3;S
me;3;PE
bisogna;3;V
ospite;3;S
voglio;3;VM
fatta;3;V
usiamo;3;V
coppia;3;S
diverso;3;A
4;3;N
do;3;SP
notazione;3;S
l'abbiamo;3;V
vuole;3;VM
risposta;3;S
ripeto;3;V
l'ordinamento;3;S
volete;3;V
dovete;3;VM
torniamo;3;V
dopo;3;E
presa;3;V
significa;3;V
guardiamo;3;V
capiremo;3;S
sembra;3;V
conto;3;S
veramente;3;B
uguali;3;A
quelle;3;PD
nei;3;E+RD
avranno;3;V
quanti;3;DQ
momento;3;S
sensato;3;A
spiegare;3;V
compagno;3;S
esprime;3;V
suoi;3;AP
possibile;3;A
ritornare;3;V
chiamate;3;V
capire;3;V
persone;3;S
marco;3;S
terzo;3;NO
pinko;3;S
immatricolate;3;V
ingegneria;3;S
elettronica;3;A
vostra;3;AP
sì;3;B
mucchio;3;S
l'unica;3;A
derivato;3;S
supercar;3;S
quegli;3;DD
minima;3;A
nessuno;3;PI
quante;3;DQ
nascita;3;S
guardare;3;V
l'esistenza;3;SP
tali;3;PD
vengono;3;VA
compresi;3;V
inserire;3;V
limita;3;V
lordo;3;A
ritenute;3;V
netto;3;A
quanto;3;B
vantaggio;3;S
infrazione;3;S
r1;3;SP
codici;3;S
fiscali;3;A
ufficio;3;S
molti;2;PI
iscritti;2;V
dimensioni;2;S
server;2;S
quantità;2;S
condivisa;2;V
avviene;2;V
condiviso;2;V
memorizzata;2;V
rispetto;2;S
aggiornamento;2;S
misura;2;S
facile;2;A
mantenere;2;V
chiamato;2;V
fisicamente;2;B
descrivono;2;V
fisico;2;S
presenza;2;S
dai;2;E+RD
indipendenza;2;S
certa;2;A
concetti;2;S
dipendenza;2;S
chiamati;2;V
d'età;2;E+RD
altre;2;DI
effettivamente;2;B
tramite;2;E
parliamo;2;V
sql;2;S
descrivere;2;V
manipolazione;2;S
seguito;2;S
veri;2;A
banale;2;A
chiamiamola;2;V+PC
intestazioni;2;S
varia;2;V
5;2;N
corrisponde;2;V
costituiscono;2;V
installerete;2;V
computer;2;S
sequel;2;S
tipicamente;2;B
l'applicazione;2;S
grossa;2;A
agli;2;E+RD
contenere;2;V
limitato;2;A
coincidono;2;V
scusate;2;V
programma;2;S
processo;2;S
anticipato;2;V
concettuali;2;A
cominciamo;2;V
virgolette;2;S
recente;2;A
basati;2;V
stazione;2;S
chiamano;2;V
gerarchici;2;A
tenne;2;V
cercheremo;2;V
quasi;2;B
programmazione;2;S
circa;2;B
vent;2;A
cercato;2;V
state;2;V
varie;2;DI
semistrutturati;2;S
abbiate;2;VA
sentito;2;V
estensioni;2;S
ormai;2;B
opportune;2;A
unico;2;A
presupposto;2;S
confrontabili;2;A
collegare;2;V
fu;2;V
negli;2;E+RD
ibm;2;E+RD
maggiore;2;A
ricordo;2;V
sarebbe;2;VA
ovviamente;2;B
7;2;N
8;2;N
implementazioni;2;S
l'altra;2;V
fondamento;2;S
algebrico;2;A
matematico;2;S
conseguenza;2;S
nasce;2;V
confusione;2;S
analisi;2;S
italiano;2;A
associazione;2;S
tu;2;PE
sei;2;V
inglese;2;A
entity;2;S
associazioni;2;S
prendete;2;V
create;2;V
combinazione;2;S
nook;2;S
rilevante;2;V
accordo;2;S
destra;2;S
tanti;2;DI
coppie;2;S
nuclei;2;S
l'una;2;S
distinti;2;V
distinte;2;A
aspetto;2;V
oplà;2;A
ordinata;2;V
t1;2;SP
metto;2;V
tratto;2;V
costruiscono;2;V
loop;2;SW
pensato;2;V
giovane;2;A
alcuni;2;DI
diventano;2;V
cerchiamo;2;V
immaginiamo;2;V
10;2;N
partite;2;V
evidentemente;2;B
venga;2;VA
sufficiente;2;A
compare;2;V
apparenza;2;S
oltretutto;2;V
volessi;2;V
posizionali;2;S
dovrei;2;NO
trovami;2;V
cercami;2;S
troviamo;2;V
semplicemente;2;B
esplicitare;2;V
puramente;2;B
cito;2;V
minimo;2;A
provate;2;V
dovuto;2;VM
nostro;2;AP
celle;2;S
identificate;2;V
distinto;2;V
costruiti;2;V
corsi;2;S
confrontare;2;V
utilizzando;2;V
confrontando;2;V
sicuro;2;A
determinata;2;A
abbia;2;VA
ragionare;2;V
tutela;2;S
descritte;2;V
complicato;2;A
limite;2;S
2bite;2;S
possa;2;VM
vede;2;V
l'utente;2;A
finale;2;S
voti;2;S
benissimo;2;B
uguaglianza;2;S
trovo;2;V
puoi;2;V
andare;2;V
genere;2;S
specifica;2;V
sistema;2;S
informativo;2;A
dopodiché;2;CC
univoco;2;A
necessariamente;2;B
semplificando;2;V
dagli;2;E+RD
mondo;2;S
nostra;2;AP
line;2;A
esplicitato;2;V
singoli;2;A
unica;2;A
torneremo;2;V
parti;2;S
cruccio;2;S
interna;2;A
l'informazione;2;SP
ruoli;2;S
immaginate;2;V
l'anagrafica;2;A
cittadini;2;S
ferretti;2;A
fin;2;E
avreste;2;V
percorso;2;S
vuoto;2;A
l'avete;2;V
durante;2;E
informatico;2;A
entrambe;2;T
difficile;2;A
l'ipotesi;2;S
interessa;2;V
descrivendo;2;V
veniamo;2;V
ricordate;2;V
indicizzare;2;V
parole;2;S
stretto;2;A
nessuna;2;DI
capiamo;2;V
minime;2;A
deriva;2;V
chiara;2;A
tutele;2;S
dicevo;2;V
allo;2;E+RD
falso;2;A
professore;2;S
imbrogliando;2;V
gioco;2;S
ignoranza;2;S
dite;2;V
falsa;2;A
discriminare;2;V
l'ateneo;2;A
oppure;2;CC
notate;2;V
dalle;2;E+RD
chiaramente;2;B
sulle;2;E+RD
avendo;2;V
identificano;2;V
introdurre;2;V
parlando;2;V
32;2;N
universitari;2;A
27;2;N
impongono;2;V
plus;2;SW
9;2;N
compito;2;S
cambiate;2;V
cerco;2;V
meglio;2;A
danno;2;V
registrata;2;V
matricole;2;S
ammissibile;2;A
peccato;2;S
assunti;2;V
ammettiamo;2;V
ovunque;2;B
uffici;2;S
capoufficio;2;S
siamo;2;VA
primario;2;A
stern;2;A
necessario;2;A
business;2;S
porta;2;V
dietro;2;B
capufficio;2;S
chiudiamo;2;V
ateneo;2;S
mese;2;S
veniva;2;VA
concettualmente;2;B
riprendiamo;1;V
proiettando;1;V
compilato;1;V
chiedo;1;V
l'avesse;1;V
provvedere;1;V
consentirmi;1;V+PC
l'elenco;1;S
segreteria;1;S
melo;1;S
mette;1;V
arriva;1;V
link;1;S
pubblicato;1;V
pagina;1;S
sito;1;S
grazie;1;S
foglio;1;S
cercavo;1;V
ricapitoliamo;1;S
descritto;1;V
precisa;1;A
anziché;1;E
strumenti;1;S
prodotti;1;S
completi;1;A
complessi;1;A
consentono;1;V
normalmente;1;B
là;1;B
gestibili;1;A
memoria;1;S
grandi;1;A
pc;1;S
grande;1;A
archivio;1;S
utilizzate;1;V
tantissime;1;S
utenze;1;S
obiettivi;1;S
l'accesso;1;V
eliminando;1;V
ridondanze;1;S
evitando;1;V
duplicati;1;V
duplicazione;1;S
coerenza;1;S
sensata;1;A
privatezza;1;S
fid;1;S
abilità;1;S
garantendo;1;V
consolidato;1;A
transazione;1;S
eseguendo;1;V
ios;1;S
uniche;1;A
ragionamento;1;S
l'unità;1;S
cpu;1;S
costa;1;V
davvero;1;B
ayo;1;S
verso;1;E
dischi;1;S
sviluppare;1;V
adottano;1;V
livelli;1;S
sottostanti;1;V
aderisce;1;V
esterni;1;A
relative;1;A
interfacce;1;S
l'indipendenza;1;S
parziale;1;A
potenzialmente;1;B
direttamente;1;B
vedono;1;V
strato;1;S
gestita;1;V
usabile;1;V+PC
opportuni;1;A
utenti;1;S
interagiscono;1;V
suddivisi;1;V+PC
categorie;1;S
principale;1;A
interagisce;1;V
modificare;1;V
usa;1;V
definition;1;S
language;1;V
manipolano;1;V
vedendoli;1;V+PC
concezione;1;S
manipoli;1;S
shaun;1;S
langley;1;SP
bms;1;SP
svolta;1;V
dallo;1;E+RD
schio;1;S
el;1;PC
proposito;1;S
l'ultimo;1;A
vorrei;1;VM
sottolinearli;1;V+PC
distinzione;1;S
gestiti;1;V
tabellare;1;A
cambia;1;V
diciamo;1;V
volgarmente;1;B
varianti;1;S
cinque;1;N
remo;1;V
100.000;1;N
l'istanza;1;S
l'effettivo;1;A
memorizzato;1;V
schermo;1;S
duale;1;A
gestite;1;V
personal;1;A
letto;1;S
installate;1;V
gruppo;1;S
navali;1;A
ambienti;1;S
immediatamente;1;B
linea;1;S
protetto;1;V
deploy;1;S
share;1;A
sicuri;1;A
dicasi;1;V
aggiornamenti;1;S
l'equivalente;1;A
equivalente;1;A
l'ambiente;1;V
stessi;1;A
installazioni;1;S
riassumendo;1;V
table;1;S
variabili;1;S
introdotto;1;V
ripetiamo;1;V
trova;1;V
eccola;1;PE
costruttori;1;S
tenete;1;V
soggetti;1;A
processi;1;S
elaborano;1;V
tipi;1;S
passa;1;V
spiegarvi;1;V+PC
nemmeno;1;BN
assoluto;1;A
diffuso;1;A
esistiti;1;V
passato;1;S
strazione;1;S
gerarchia;1;S
grafo;1;S
uni;1;PE
reticolari;1;V
adito;1;S
molte;1;DI
confusioni;1;S
ambigua;1;V
eliminato;1;V
passata;1;V
adeguarsi;1;V+PC
funzionato;1;V
sviluppate;1;A
tecnologie;1;S
particolare;1;S
fiammelle;1;S
immagini;1;S
esistenti;1;V
mm;1;S
s;1;X
supporta;1;V
offrono;1;V
descrivibili;1;A
xml;1;SP
utilizza;1;V
distinguono;1;V
lato;1;A
collegano;1;V
collegamenti;1;S
condivisione;1;S
semplifica;1;V
scrittura;1;S
ottimizzatori;1;S
rendano;1;V
evidenza;1;S
chiamiamole;1;S
chiameremo;1;V
presso;1;E
presupponendo;1;V
imponendo;1;V
esse;1;PE
userebbero;1;V
espliciti;1;V
storia;1;S
piccolo;1;A
accenno;1;V
vecchio;1;A
settanta;1;N
coder;1;S
scientist;1;A
operativo;1;A
81;1;N
accennato;1;V
installare;1;V
cominciato;1;V
ottanta;1;NO
esisteva;1;V
esistevano;1;V
andavano;1;VM
case;1;S
m;1;S
basate;1;V
graffi;1;S
lavorava;1;V
azienda;1;S
venditore;1;S
andavamo;1;V
clienti;1;S
voleva;1;V
dicessi;1;V
sibello;1;V
teoricamente;1;B
eccezionale;1;A
produttivo;1;A
ero;1;V
dimostrazione;1;S
arco;1;S
smesso;1;V
vendere;1;V
inizio;1;S
ottimizzato;1;V
talmente;1;B
spiazzato;1;V
fondante;1;S
wired;1;A
basa;1;V
esprimere;1;V
naturale;1;A
naturalmente;1;B
facilmente;1;B
interpretabili;1;A
dorin;1;E
hans;1;S
disambigua;1;A
re;1;S
geometria;1;S
rivisto;1;V
posti;1;V
universitaria;1;A
liceo;1;S
verrà;1;V
scomoda;1;A
sinonimo;1;V
tradurla;1;V+PC
perifrasi;1;S
ten;1;S
tradotto;1;V
entità;1;S
logiche;1;A
cercherò;1;V
tender;1;S
gelo;1;S
binaria;1;A
segna;1;V
ternario;1;S
creando;1;V
partigiano;1;A
sapeva;1;V
intesa;1;S
ordinate;1;V
successione;1;S
scrivete;1;V
annotazione;1;S
citati;1;V
d1;1;N
permutazione;1;S
cartellino;1;S
l'accordo;1;S
binario;1;S
tornerà;1;V
comoda;1;A
ordinamento;1;S
rende;1;V
riprendo;1;V
lean;1;A
nucle;1;A
derivano;1;V
risultante;1;V
velo;1;S
an;1;S
g2;1;SP
facebook;1;A
leggeteli;1;V+PC
combino;1;V
nucleo;1;S
caratteristiche;1;S
navate;1;V
stanno;1;VA
sapevate;1;A
sottolineato;1;V
aspetti;1;S
importanti;1;A
int;1;A
stringher;1;S
sequenza;1;S
intel;1;NO
caratteri;1;S
farino;1;S
combinato;1;V
squadre;1;S
suppongo;1;V
calcio;1;S
partita;1;S
stigol;1;V
significati;1;S
insiemistica;1;A
poca;1;DI
ospitante;1;A
quarta;1;NO
specificando;1;V
interni;1;S
pezzo;1;S
juventus;1;S
juve;1;S
nostre;1;AP
rudimentalmente;1;B
povero;1;A
associano;1;V
invento;1;V
trasformato;1;V
profondamente;1;B
associa;1;V
riusare;1;V
2000;1;N
denominazione;1;S
opportunamente;1;B
ridenominazione;1;S
esplicito;1;A
vera;1;A
medesimo;1;A
gara;1;S
cambiato;1;V
rimasto;1;V
cambiata;1;V
disegnato;1;V
mutate;1;V
ottenete;1;V
citiamo;1;V
spostato;1;V
posizione;1;S
sostituita;1;A
eliminano;1;V
introducono;1;V
principi;1;S
guardate;1;V
quest;1;S
mista;1;V
giro;1;S
processore;1;S
ambaradan;1;A
dovresti;1;VM
intuirlo;1;V+PC
innanzitutto;1;B
considera;1;V
xy;1;NO
farlo;1;V+PC
cala;1;V
sostanzialmente;1;B
immaginare;1;V
componenti;1;S
girate;1;V
fatte;1;V
taglia;1;V
incolla;1;V
formule;1;S
continuano;1;V
funzionare;1;V
paio;1;S
discorso;1;S
ordinato;1;V
truppe;1;S
alcun;1;DI
copiate;1;A
lunga;1;A
doppio;1;A
dirla;1;V+PC
semplificandoci;1;V+PC
vita;1;S
leggiamo;1;V
formalmente;1;B
gestisce;1;V
piu;1;A
stima;1;S
globali;1;A
considerando;1;V
chiamerà;1;V
stati;1;VA
dirmelo;1;V+PC
operatore;1;S
confronto;1;S
mele;1;A
pere;1;BN
reali;1;A
pormi;1;V+PC
3456;1;N
cercare;1;V
esprimo;1;S
propria;1;AP
esangue;1;V
disegnino;1;S
blu;1;S
joint;1;A
amanti;1;S
definite;1;V
correlate;1;V
sostenuto;1;V
bomba;1;S
rendere;1;V
progetta;1;V
tenere;1;V
sinistra;1;S
tube;1;S
allea;1;V
john;1;S
l'alternativa;1;V
costruirebbe;1;V
sexy;1;A
set;1;S
avevamo;1;V
punta;1;V
sette;1;N
gerarchico;1;A
costringe;1;V
propri;1;A
navigazione;1;S
interrogazioni;1;S
complicata;1;A
direzione;1;S
direzionali;1;A
dettagli;1;S
memorizzare;1;V
fisiche;1;S
costruirò;1;V
contengono;1;V
cresce;1;V
decresce;1;S
generare;1;V
sfora;1;A
bastano;1;V
bit;1;S
anomala;1;A
sensibile;1;A
progetto;1;S
programmatore;1;S
disegno;1;S
camera;1;S
chiunque;1;PI
gioia;1;S
ditte;1;S
superato;1;V
capiscono;1;V
posizionarmi;1;V+PC
finisco;1;V
principio;1;S
impareremo;1;V
minimizzare;1;V
enormi;1;A
difficoltà;1;S
committente;1;V
tecnici;1;S
tradurre;1;V
ritorno;1;S
aggiungo;1;A
qualificato;1;V
appartiene;1;V
impedisce;1;V
porre;1;V
aspettate;1;V
chiamarla;1;V+PC
anch;1;S
esso;1;PE
formale;1;A
servirà;1;V
trovarlo;1;V+PC
supportare;1;V
discostarsi;1;V+PC
presuppone;1;V
help;1;S
assorto;1;V
ciascuna;1;DI
knicks;1;S
valutazione;1;S
ti;1;PC
dia;1;V
denota;1;V
and;1;CC
platì;1;S
andiamo;1;V
vedete;1;V
disegnata;1;V
l'uno;1;PI
ovvio;1;A
rispettivamente;1;B
vuota;1;A
esista;1;V
riesce;1;V
edificate;1;A
strana;1;A
articolata;1;A
ripete;1;V
coperti;1;V
specie;1;S
intestazione;1;S
cellula;1;S
cellona;1;S
copre;1;V
nidificate;1;A
reparto;1;S
spezie;1;S
cieli;1;S
l'edifico;1;A
scena;1;S
edificata;1;A
raul;1;S
rappresentabile;1;S
visualizzato;1;V
soluzione;1;S
avrò;1;V
saranno;1;VA
ricevuta;1;S
dettaglio;1;S
comprato;1;V
utilizzato;1;V
ristorante;1;S
ragioniamo;1;V
percome;1;S
costituenti;1;V
grosso;1;A
contraddizione;1;S
serve;1;V
soprattutto;1;B
assume;1;V
temporaneamente;1;B
magari;1;B
esisterà;1;V
indica;1;V
cita;1;V
bel;1;A
banalmente;1;B
progettarla;1;V+PC
immaginando;1;V
progettare;1;V
tumori;1;S
tentativi;1;S
andata;1;V
apporto;1;S
governi;1;S
arrivati;1;V
tantissimi;1;PI
comune;1;S
registra;1;V
parentesi;1;S
residenti;1;A
decisione;1;S
nessun;1;DI
fratello;1;S
luca;1;A
dov;1;S
rappresentarlo;1;V+PC
rappresento;1;V
temporaneo;1;A
versi;1;S
scelto;1;V
anno;1;S
potuto;1;VM
differire;1;V
giusta;1;A
modena;1;V
grafica;1;A
tornero;1;V
l'eventuale;1;A
l'indirizzo;1;S
prescelto;1;V
presentato;1;V
studio;1;S
formulazione;1;S
studi;1;S
formazione;1;S
tedesca;1;A
procedure;1;S
andrete;1;V
elettronico;1;A
esistita;1;V
riempite;1;V
permanenti;1;A
temporale;1;A
cominceremo;1;V
creano;1;V
problemi;1;S
resto;1;S
scrivono;1;V
programmi;1;S
fantasiosa;1;A
tolgo;1;V
pongo;1;V
guastate;1;A
attente;1;A
d;1;S
f;1;S
g;1;X
astrazione;1;S
notare;1;V
dovesse;1;VM
appiccicare;1;V
floating;1;S
point;1;A
partendo;1;V
mezzo;1;A
pasticcio;1;S
saremo;1;VA
costretti;1;V
definiremo;1;V
rappresentato;1;V
deciso;1;V
implementata;1;V
figuriamoci;1;V+PC
andremo;1;V
strutturare;1;V
l'implementazione;1;S
pilastro;1;S
l'azione;1;S
l;1;X
grazia;1;S
indicizzazione;1;S
distingue;1;V
univocamente;1;B
applica;1;V
cosiddette;1;A
cappa;1;A
r;1;X
t2;1;N
precisazione;1;S
garanzia;1;S
imponga;1;V
forte;1;A
tubi;1;S
sugli;1;E+RD
parla;1;V
k;1;SP
togliere;1;V
ritornate;1;V
poiché;1;CS
garantito;1;V
steam;1;S
enuclea;1;S
hannukah;1;V
andrà;1;V
capite;1;SW
derivazione;1;S
univocità;1;S
poter;1;VM
appunto;1;B
dito;1;S
conosco;1;V
siccome;1;CS
ciascuno;1;DI
univoca;1;A
affermazion;1;S
convinto;1;V
cio;1;S
essendo;1;V
padroni;1;S
dono;1;S
domanda;1;S
date;1;V
scontato;1;V
interpretazione;1;S
senz;1;S
identifica;1;V
fanno;1;V
condividiamo;1;V
affermazione;1;S
italiani;1;A
popolano;1;A
d'università;1;S
lavorando;1;V
prego;1;V
citata;1;V
ragionando;1;V
aiutare;1;V
diciamola;1;V+PC
lecitamente;1;B
quattro;1;N
corse;1;S
tura;1;S
cavi;1;S
l'importante;1;A
paura;1;S
interpreto;1;A
normale;1;A
italiana;1;A
contro;1;E
esenti;1;A
errore;1;S
ragiona;1;V
ribadisco;1;V
indicazione;1;S
esatta;1;A
progettata;1;V
nate;1;V
riassumere;1;V
scrivendo;1;V
gode;1;V
chiari;1;A
garantita;1;V
arti;1;S
esaminando;1;V
sceglie;1;V
svolge;1;V
affrontare;1;V
disponibili;1;A
l'algebra;1;A
ce;1;PC
credo;1;S
prossima;1;A
trasforma;1;V
generica;1;A
accozzaglia;1;S
34;1;N
prenda;1;V
convenzione;1;S
italia;1;S
attribuisce;1;V
limitazioni;1;S
natura;1;S
rappresentino;1;V
correttamente;1;B
comandi;1;S
dms;1;S
avanzato;1;A
rispetta;1;V
standard;1;S
comando;1;S
krait;1;S
domain;1;B
automatico;1;A
piacerebbe;1;V
inferiore;1;A
potremmo;1;VM
donne;1;S
small;1;S
piccoli;1;S
comprese;1;V
leggermente;1;B
assunto;1;V
autonomo;1;A
introdurremo;1;V
fine;1;S
funzionale;1;A
sviluppa;1;V
stavamo;1;S
anouk;1;S
annie;1;S
limito;1;A
tripla;1;S
l'api;1;PE
corrispondente;1;V
stipendi;1;S
impiegato;1;V
guadagno;1;S
l'impiegato;1;V
stipendio;1;S
somma;1;S
espresso;1;V
end;1;CC
generali;1;A
l'espressione;1;S
rappresenti;1;V
riflessi;1;S
intendo;1;V
tradotti;1;V
veicolati;1;V
miccoli;1;S
riesco;1;V
metterli;1;V+PC
scrivo;1;V
uguale;1;A
voce;1;S
elimino;1;V
controlli;1;S
minore;1;A
scritte;1;V
modificati;1;V
mettono;1;V
male;1;B
tante;1;DI
conoscenza;1;S
esperti;1;S
implementa;1;V
programmatori;1;S
tener;1;V
star;1;V
verifiche;1;S
avanzata;1;V
succede;1;V
tuba;1;S
viola;1;V
dovrà;1;VM
azione;1;S
dirvi;1;V+PC
flessibile;1;A
notazioni;1;S
sottolineare;1;V
fungono;1;V
identificata;1;V
identificante;1;V
frazione;1;S
vecchia;1;A
targa;1;S
automobile;1;S
provincia;1;S
targhe;1;S
20;1;N
matri;1;S
poche;1;DI
parlare;1;V
opportuna;1;A
garantirmi;1;V+PC
dica;1;V
numeri;1;S
casoli;1;S
1999;1;N
guardasse;1;V
sapessi;1;V
potrei;1;VM
entra;1;V
stanová;1;B
domina;1;V
inventarmi;1;V+PC
presuppongo;1;V
poterci;1;V+PC
presenti;1;A
area;1;S
lecita;1;A
impone;1;V
determinato;1;A
vincolato;1;V
parlato;1;V
28;1;N
lord;1;S
confinati;1;A
collega;1;V
esistano;1;V
signor;1;S
7543;1;N
morì;1;V
gino;1;S
mood;1;S
doveva;1;VM
buoni;1;A
venire;1;VA
733;1;N
21;1;N
comminata;1;V
giorno;1;S
febbraio;1;S
98;1;N
934;1;N
93;1;N
46;1;N
violando;1;V
introduce;1;V
scriviamo;1;V
chiaviche;1;A
formali;1;A
x1;1;SP
hicks;1;S
comparire;1;V
ritornando;1;V
basta;1;V
riferisco;1;V
comminato;1;V
corretto;1;V
vela;1;V
raffino;1;V
rapina;1;S
ospita;1;V
coincidere;1;V
avesse;1;V
stragrande;1;A
maggioranza;1;S
rimento;1;S
farmi;1;V+PC
pensiamo;1;V
ditta;1;S
descritti;1;V
lavorano;1;V
single;1;A
registro;1;S
butto;1;S
signore;1;S
identificato;1;V
tribù;1;S
toccato;1;V
esce;1;V
foreign;1;S
key;1;S
norma;1;S
esclude;1;V
avessimo;1;V
sapremo;1;V
intuitiva;1;A
l'identificatore;1;S
identificatore;1;A
intuitivo;1;S
integra;1;V
riferimenti;1;S
validi;1;A
traduce;1;V
malefico;1;A
resi;1;V
sé;1;PE
esplicita;1;A
esplicitarlo;1;V+PC
principali;1;A
tipici;1;A
regole;1;S
intrinseci;1;A
acqua;1;S
capitare;1;V
d3;1;SP
indipendenti;1;A
coloro;1;PD
scegliete;1;V
cdl;1;E+RD
intendendosi;1;V+PC
riempi;1;V
the;1;RD
dicendo;1;V
completamente;1;B
tub;1;S
chiare;1;A
candidati;1;S
ri;1;V
ove;1;CS
sa;1;V
definisce;1;V
chiacchiera;1;S
usata;1;V
candidata;1;S
cf;1;S
decido;1;V
immatricola;1;V+PC
riceveva;1;V
arrivava;1;V
centro;1;S
abituati;1;V
te;1;PC
l'immatricolazione;1;S
veloce;1;A
richiedesse;1;V
immatricolato;1;V
natica;1;S
mandato;1;V
gestiva;1;V
informatici;1;A
registrato;1;V
riempita;1;V
pur;1;B
nota;1;A
settimana;1;S
